"warehouse_name","product_sku","quantity","reorder_point","safety_stock","max_stock","avg_daily_demand"
"Bengaluru Distribution Center","HP-240","42","100","30","292","14"
"Mumbai Regional Warehouse","IV-821","900","100","30","300","1"
"Chennai Assembly Hub","SM-822","152","100","30","300","5"
"Delhi Service Depot","CM-823","153","100","30","300","5"
"Bengaluru Distribution Center","BA-824","154","100","30","300","5"
"Mumbai Regional Warehouse","HP-825","155","100","30","300","5"
"Chennai Assembly Hub","IV-826","156","100","30","300","5"
"Delhi Service Depot","SM-827","157","100","30","300","5"
"Bengaluru Distribution Center","CM-828","158","100","30","300","5"
"Mumbai Regional Warehouse","BA-829","159","100","30","300","5"
"Chennai Assembly Hub","HP-830","160","100","30","300","5"
"Delhi Service Depot","IV-831","161","100","30","300","5"
"Bengaluru Distribution Center","SM-832","162","100","30","300","5"
"Mumbai Regional Warehouse","CM-833","163","100","30","300","5"
"Chennai Assembly Hub","BA-834","164","100","30","300","5"
"Delhi Service Depot","HP-835","165","100","30","300","5"
"Bengaluru Distribution Center","IV-836","166","100","30","300","5"
"Mumbai Regional Warehouse","SM-837","25","100","30","300","5"
"Chennai Assembly Hub","CM-838","168","100","30","300","5"
"Delhi Service Depot","BA-839","169","100","30","300","5"
"Bengaluru Distribution Center","HP-840","170","100","30","300","5"
"Mumbai Regional Warehouse","IV-841","171","100","30","300","5"
"Chennai Assembly Hub","SM-842","172","100","30","300","5"
"Delhi Service Depot","CM-843","173","100","30","300","5"
"Bengaluru Distribution Center","BA-844","174","100","30","300","5"
"Mumbai Regional Warehouse","HP-845","175","100","30","300","5"
"Chennai Assembly Hub","IV-846","176","100","30","300","5"
"Delhi Service Depot","SM-847","177","100","30","300","5"
"Bengaluru Distribution Center","CM-848","178","100","30","300","5"
"Mumbai Regional Warehouse","BA-849","179","100","30","300","5"
"Chennai Assembly Hub","HP-850","180","100","30","300","5"
"Delhi Service Depot","IV-851","181","100","30","300","5"
"Bengaluru Distribution Center","SM-852","182","100","30","300","5"
"Mumbai Regional Warehouse","CM-853","183","100","30","300","5"
"Chennai Assembly Hub","BA-854","25","100","30","300","5"
"Delhi Service Depot","HP-855","185","100","30","300","5"
"Bengaluru Distribution Center","IV-856","186","100","30","300","5"
"Mumbai Regional Warehouse","SM-857","0","100","30","300","5"
"Chennai Assembly Hub","CM-858","188","100","30","300","5"
"Delhi Service Depot","BA-859","189","100","30","300","5"
"Bengaluru Distribution Center","HP-860","190","100","30","300","5"
"Mumbai Regional Warehouse","IV-861","191","100","30","300","5"
"Chennai Assembly Hub","SM-862","192","100","30","300","5"
"Delhi Service Depot","CM-863","193","100","30","300","5"
"Bengaluru Distribution Center","BA-864","194","100","30","300","5"
"Mumbai Regional Warehouse","HP-865","195","100","30","300","5"
"Chennai Assembly Hub","IV-866","196","100","30","300","5"
"Delhi Service Depot","SM-867","197","100","30","300","5"
"Bengaluru Distribution Center","CM-868","198","100","30","300","5"
"Mumbai Regional Warehouse","BA-869","199","100","30","300","5"
"Chennai Assembly Hub","HP-870","200","100","30","300","5"
"Delhi Service Depot","IV-871","25","100","30","300","5"
"Bengaluru Distribution Center","SM-872","202","100","30","300","5"
"Mumbai Regional Warehouse","CM-873","203","100","30","300","5"
"Chennai Assembly Hub","BA-874","204","100","30","300","5"
"Delhi Service Depot","HP-875","205","100","30","300","5"
"Bengaluru Distribution Center","IV-876","206","100","30","300","5"
"Mumbai Regional Warehouse","SM-877","207","100","30","300","5"
"Chennai Assembly Hub","CM-878","208","100","30","300","5"
"Delhi Service Depot","BA-879","209","100","30","300","5"
"Bengaluru Distribution Center","HP-880","210","100","30","300","5"
"Mumbai Regional Warehouse","IV-881","211","100","30","300","5"
"Chennai Assembly Hub","SM-882","212","100","30","300","5"
"Delhi Service Depot","CM-883","213","100","30","300","5"
"Bengaluru Distribution Center","BA-884","214","100","30","300","5"
"Mumbai Regional Warehouse","HP-885","215","100","30","300","5"
"Chennai Assembly Hub","IV-886","216","100","30","300","5"
"Delhi Service Depot","SM-887","217","100","30","300","5"
"Bengaluru Distribution Center","CM-888","25","100","30","300","5"
"Mumbai Regional Warehouse","BA-889","219","100","30","300","5"
"Chennai Assembly Hub","HP-890","220","100","30","300","5"
"Delhi Service Depot","IV-891","221","100","30","300","5"
"Bengaluru Distribution Center","SM-892","222","100","30","300","5"
"Mumbai Regional Warehouse","CM-893","223","100","30","300","5"
"Chennai Assembly Hub","BA-894","0","100","30","300","5"
"Delhi Service Depot","HP-895","225","100","30","300","5"
"Bengaluru Distribution Center","IV-896","226","100","30","300","5"
"Mumbai Regional Warehouse","SM-897","227","100","30","300","5"
"Chennai Assembly Hub","CM-898","228","100","30","300","5"
"Delhi Service Depot","BA-899","229","100","30","300","5"
"Bengaluru Distribution Center","HP-900","230","100","30","300","5"
"Mumbai Regional Warehouse","IV-901","231","100","30","300","5"
"Chennai Assembly Hub","SM-902","232","100","30","300","5"
"Delhi Service Depot","CM-903","233","100","30","300","5"
"Bengaluru Distribution Center","BA-904","234","100","30","300","5"
"Mumbai Regional Warehouse","HP-905","25","100","30","300","5"
"Chennai Assembly Hub","IV-906","236","100","30","300","5"
"Delhi Service Depot","SM-907","237","100","30","300","5"
"Bengaluru Distribution Center","CM-908","238","100","30","300","5"
"Mumbai Regional Warehouse","BA-909","239","100","30","300","5"
"Chennai Assembly Hub","HP-910","240","100","30","300","5"
"Delhi Service Depot","IV-911","241","100","30","300","5"
"Bengaluru Distribution Center","SM-912","242","100","30","300","5"
"Mumbai Regional Warehouse","CM-913","243","100","30","300","5"
"Chennai Assembly Hub","BA-914","244","100","30","300","5"
"Delhi Service Depot","HP-915","245","100","30","300","5"
"Bengaluru Distribution Center","IV-916","246","100","30","300","5"
"Mumbai Regional Warehouse","SM-917","247","100","30","300","5"
"Chennai Assembly Hub","CM-918","248","100","30","300","5"
"Delhi Service Depot","BA-919","249","100","30","300","5"
"Bengaluru Distribution Center","HP-920","150","100","30","300","5"
"Mumbai Regional Warehouse","IV-921","151","100","30","300","5"
"Chennai Assembly Hub","SM-922","25","100","30","300","5"
"Delhi Service Depot","CM-923","153","100","30","300","5"
"Bengaluru Distribution Center","BA-924","154","100","30","300","5"
"Mumbai Regional Warehouse","HP-925","155","100","30","300","5"
"Chennai Assembly Hub","IV-926","156","100","30","300","5"
"Delhi Service Depot","SM-927","157","100","30","300","5"
"Bengaluru Distribution Center","CM-928","158","100","30","300","5"
"Mumbai Regional Warehouse","BA-929","159","100","30","300","5"
"Chennai Assembly Hub","HP-930","160","100","30","300","5"
"Delhi Service Depot","IV-931","0","100","30","300","5"
"Bengaluru Distribution Center","SM-932","162","100","30","300","5"
"Mumbai Regional Warehouse","CM-933","163","100","30","300","5"
"Chennai Assembly Hub","BA-934","164","100","30","300","5"
"Delhi Service Depot","HP-935","165","100","30","300","5"
"Bengaluru Distribution Center","IV-936","166","100","30","300","5"
"Mumbai Regional Warehouse","SM-937","167","100","30","300","5"
"Chennai Assembly Hub","CM-938","168","100","30","300","5"
"Delhi Service Depot","BA-939","25","100","30","300","5"
"Bengaluru Distribution Center","HP-940","170","100","30","300","5"
"Mumbai Regional Warehouse","IV-941","171","100","30","300","5"
"Chennai Assembly Hub","SM-942","172","100","30","300","5"
"Delhi Service Depot","CM-943","173","100","30","300","5"
"Bengaluru Distribution Center","BA-944","174","100","30","300","5"
"Mumbai Regional Warehouse","HP-945","175","100","30","300","5"
"Chennai Assembly Hub","IV-946","176","100","30","300","5"
"Delhi Service Depot","SM-947","177","100","30","300","5"
"Bengaluru Distribution Center","CM-948","178","100","30","300","5"
"Mumbai Regional Warehouse","BA-949","179","100","30","300","5"
"Chennai Assembly Hub","HP-950","180","100","30","300","5"
"Delhi Service Depot","IV-951","181","100","30","300","5"
"Bengaluru Distribution Center","SM-952","182","100","30","300","5"
"Mumbai Regional Warehouse","CM-953","183","100","30","300","5"
"Chennai Assembly Hub","BA-954","184","100","30","300","5"
"Delhi Service Depot","HP-955","185","100","30","300","5"
"Bengaluru Distribution Center","IV-956","25","100","30","300","5"
"Mumbai Regional Warehouse","SM-957","187","100","30","300","5"
"Chennai Assembly Hub","CM-958","188","100","30","300","5"
"Delhi Service Depot","BA-959","189","100","30","300","5"
"Bengaluru Distribution Center","HP-960","190","100","30","300","5"
"Mumbai Regional Warehouse","IV-961","191","100","30","300","5"
"Chennai Assembly Hub","SM-962","192","100","30","300","5"
"Delhi Service Depot","CM-963","193","100","30","300","5"
"Bengaluru Distribution Center","BA-964","194","100","30","300","5"
"Mumbai Regional Warehouse","HP-965","195","100","30","300","5"
"Chennai Assembly Hub","IV-966","196","100","30","300","5"
"Delhi Service Depot","SM-967","197","100","30","300","5"
"Bengaluru Distribution Center","CM-968","0","100","30","300","5"
"Mumbai Regional Warehouse","BA-969","199","100","30","300","5"
"Chennai Assembly Hub","HP-970","200","100","30","300","5"
"Delhi Service Depot","IV-971","201","100","30","300","5"
"Bengaluru Distribution Center","SM-972","202","100","30","300","5"
"Mumbai Regional Warehouse","CM-973","25","100","30","300","5"
"Chennai Assembly Hub","BA-974","204","100","30","300","5"
"Delhi Service Depot","HP-975","205","100","30","300","5"
"Bengaluru Distribution Center","IV-976","206","100","30","300","5"
"Mumbai Regional Warehouse","SM-977","207","100","30","300","5"
"Chennai Assembly Hub","CM-978","208","100","30","300","5"
"Delhi Service Depot","BA-979","209","100","30","300","5"
"Bengaluru Distribution Center","HP-980","210","100","30","300","5"
"Mumbai Regional Warehouse","IV-981","211","100","30","300","5"
"Chennai Assembly Hub","SM-982","212","100","30","300","5"
"Delhi Service Depot","CM-983","213","100","30","300","5"
"Bengaluru Distribution Center","BA-984","214","100","30","300","5"
"Mumbai Regional Warehouse","HP-985","215","100","30","300","5"
"Chennai Assembly Hub","IV-986","216","100","30","300","5"
"Delhi Service Depot","SM-987","217","100","30","300","5"
"Bengaluru Distribution Center","CM-988","218","100","30","300","5"
"Mumbai Regional Warehouse","BA-989","219","100","30","300","5"
"Chennai Assembly Hub","HP-990","25","100","30","300","5"
"Delhi Service Depot","IV-991","221","100","30","300","5"
"Bengaluru Distribution Center","SM-992","222","100","30","300","5"
"Mumbai Regional Warehouse","CM-993","223","100","30","300","5"
"Chennai Assembly Hub","BA-994","224","100","30","300","5"
"Delhi Service Depot","HP-995","225","100","30","300","5"
"Bengaluru Distribution Center","IV-996","226","100","30","300","5"
"Mumbai Regional Warehouse","SM-997","227","100","30","300","5"
"Chennai Assembly Hub","CM-998","228","100","30","300","5"
"Delhi Service Depot","BA-999","229","100","30","300","5"
"Bengaluru Distribution Center","HP-1000","230","100","30","300","5"
"Mumbai Regional Warehouse","IV-1001","231","100","30","300","5"
"Chennai Assembly Hub","SM-1002","232","100","30","300","5"
"Delhi Service Depot","CM-1003","233","100","30","300","5"
"Bengaluru Distribution Center","BA-1004","234","100","30","300","5"
"Mumbai Regional Warehouse","HP-1005","0","100","30","300","5"
"Chennai Assembly Hub","IV-1006","236","100","30","300","5"
"Delhi Service Depot","SM-1007","25","100","30","300","5"
"Bengaluru Distribution Center","CM-1008","238","100","30","300","5"
"Mumbai Regional Warehouse","BA-1009","239","100","30","300","5"
"Chennai Assembly Hub","HP-1010","240","100","30","300","5"
"Delhi Service Depot","IV-1011","241","100","30","300","5"
"Bengaluru Distribution Center","SM-1012","242","100","30","300","5"
"Mumbai Regional Warehouse","CM-1013","243","100","30","300","5"
"Chennai Assembly Hub","BA-1014","244","100","30","300","5"
"Delhi Service Depot","HP-1015","245","100","30","300","5"
"Bengaluru Distribution Center","IV-1016","246","100","30","300","5"
"Mumbai Regional Warehouse","SM-1017","247","100","30","300","5"
"Chennai Assembly Hub","CM-1018","248","100","30","300","5"
"Delhi Service Depot","BA-1019","249","100","30","300","5"
"Bengaluru Distribution Center","HP-1020","150","100","30","300","5"
"Mumbai Regional Warehouse","IV-1021","151","100","30","300","5"
"Chennai Assembly Hub","SM-1022","152","100","30","300","5"
"Delhi Service Depot","CM-1023","153","100","30","300","5"
"Bengaluru Distribution Center","BA-1024","25","100","30","300","5"
"Mumbai Regional Warehouse","HP-1025","155","100","30","300","5"
"Chennai Assembly Hub","IV-1026","156","100","30","300","5"
"Delhi Service Depot","SM-1027","157","100","30","300","5"
"Bengaluru Distribution Center","CM-1028","158","100","30","300","5"
"Mumbai Regional Warehouse","BA-1029","159","100","30","300","5"
"Chennai Assembly Hub","HP-1030","160","100","30","300","5"
"Delhi Service Depot","IV-1031","161","100","30","300","5"
"Bengaluru Distribution Center","SM-1032","162","100","30","300","5"
"Mumbai Regional Warehouse","CM-1033","163","100","30","300","5"
"Chennai Assembly Hub","BA-1034","164","100","30","300","5"
"Delhi Service Depot","HP-1035","165","100","30","300","5"
"Bengaluru Distribution Center","IV-1036","166","100","30","300","5"
"Mumbai Regional Warehouse","SM-1037","167","100","30","300","5"
"Chennai Assembly Hub","CM-1038","168","100","30","300","5"
"Delhi Service Depot","BA-1039","169","100","30","300","5"
"Bengaluru Distribution Center","HP-1040","170","100","30","300","5"
"Mumbai Regional Warehouse","IV-1041","25","100","30","300","5"
"Chennai Assembly Hub","SM-1042","0","100","30","300","5"
"Delhi Service Depot","CM-1043","173","100","30","300","5"
"Bengaluru Distribution Center","BA-1044","174","100","30","300","5"
"Mumbai Regional Warehouse","HP-1045","175","100","30","300","5"
"Chennai Assembly Hub","IV-1046","176","100","30","300","5"
"Delhi Service Depot","SM-1047","177","100","30","300","5"
"Bengaluru Distribution Center","CM-1048","178","100","30","300","5"
"Mumbai Regional Warehouse","BA-1049","179","100","30","300","5"
"Chennai Assembly Hub","HP-1050","180","100","30","300","5"
"Delhi Service Depot","IV-1051","181","100","30","300","5"
"Bengaluru Distribution Center","SM-1052","182","100","30","300","5"
"Mumbai Regional Warehouse","CM-1053","183","100","30","300","5"
"Chennai Assembly Hub","BA-1054","184","100","30","300","5"
"Delhi Service Depot","HP-1055","185","100","30","300","5"
"Bengaluru Distribution Center","IV-1056","186","100","30","300","5"
"Mumbai Regional Warehouse","SM-1057","187","100","30","300","5"
"Chennai Assembly Hub","CM-1058","25","100","30","300","5"
"Delhi Service Depot","BA-1059","189","100","30","300","5"
