"sku","name","category","unit_cost","unit_price","lead_time_days"
"HP-240","Hydraulic Pump HP-240","Hydraulic Pump","500","750","14"
"IV-821","Industrial Valve IV-821","Industrial Valve","35","57","14"
"SM-822","Servo Motor SM-822","Servo Motor","50","79","14"
"CM-823","Control Module CM-823","Control Module","65","101","14"
"BA-824","Bearing Assembly BA-824","Bearing Assembly","80","123","14"
"HP-825","Hydraulic Pump HP-825","Hydraulic Pump","95","145","14"
"IV-826","Industrial Valve IV-826","Industrial Valve","110","167","14"
"SM-827","Servo Motor SM-827","Servo Motor","125","189","14"
"CM-828","Control Module CM-828","Control Module","140","211","14"
"BA-829","Bearing Assembly BA-829","Bearing Assembly","155","233","14"
"HP-830","Hydraulic Pump HP-830","Hydraulic Pump","170","255","14"
"IV-831","Industrial Valve IV-831","Industrial Valve","185","277","14"
"SM-832","Servo Motor SM-832","Servo Motor","200","299","14"
"CM-833","Control Module CM-833","Control Module","215","321","14"
"BA-834","Bearing Assembly BA-834","Bearing Assembly","230","343","14"
"HP-835","Hydraulic Pump HP-835","Hydraulic Pump","245","365","14"
"IV-836","Industrial Valve IV-836","Industrial Valve","260","387","14"
"SM-837","Servo Motor SM-837","Servo Motor","275","409","14"
"CM-838","Control Module CM-838","Control Module","290","431","14"
"BA-839","Bearing Assembly BA-839","Bearing Assembly","305","453","14"
"HP-840","Hydraulic Pump HP-840","Hydraulic Pump","20","35","14"
"IV-841","Industrial Valve IV-841","Industrial Valve","35","57","14"
"SM-842","Servo Motor SM-842","Servo Motor","50","79","14"
"CM-843","Control Module CM-843","Control Module","65","101","14"
"BA-844","Bearing Assembly BA-844","Bearing Assembly","80","123","14"
"HP-845","Hydraulic Pump HP-845","Hydraulic Pump","95","145","14"
"IV-846","Industrial Valve IV-846","Industrial Valve","110","167","14"
"SM-847","Servo Motor SM-847","Servo Motor","125","189","14"
"CM-848","Control Module CM-848","Control Module","140","211","14"
"BA-849","Bearing Assembly BA-849","Bearing Assembly","155","233","14"
"HP-850","Hydraulic Pump HP-850","Hydraulic Pump","170","255","14"
"IV-851","Industrial Valve IV-851","Industrial Valve","185","277","14"
"SM-852","Servo Motor SM-852","Servo Motor","200","299","14"
"CM-853","Control Module CM-853","Control Module","215","321","14"
"BA-854","Bearing Assembly BA-854","Bearing Assembly","230","343","14"
"HP-855","Hydraulic Pump HP-855","Hydraulic Pump","245","365","14"
"IV-856","Industrial Valve IV-856","Industrial Valve","260","387","14"
"SM-857","Servo Motor SM-857","Servo Motor","275","409","14"
"CM-858","Control Module CM-858","Control Module","290","431","14"
"BA-859","Bearing Assembly BA-859","Bearing Assembly","305","453","14"
"HP-860","Hydraulic Pump HP-860","Hydraulic Pump","20","35","14"
"IV-861","Industrial Valve IV-861","Industrial Valve","35","57","14"
"SM-862","Servo Motor SM-862","Servo Motor","50","79","14"
"CM-863","Control Module CM-863","Control Module","65","101","14"
"BA-864","Bearing Assembly BA-864","Bearing Assembly","80","123","14"
"HP-865","Hydraulic Pump HP-865","Hydraulic Pump","95","145","14"
"IV-866","Industrial Valve IV-866","Industrial Valve","110","167","14"
"SM-867","Servo Motor SM-867","Servo Motor","125","189","14"
"CM-868","Control Module CM-868","Control Module","140","211","14"
"BA-869","Bearing Assembly BA-869","Bearing Assembly","155","233","14"
"HP-870","Hydraulic Pump HP-870","Hydraulic Pump","170","255","14"
"IV-871","Industrial Valve IV-871","Industrial Valve","185","277","14"
"SM-872","Servo Motor SM-872","Servo Motor","200","299","14"
"CM-873","Control Module CM-873","Control Module","215","321","14"
"BA-874","Bearing Assembly BA-874","Bearing Assembly","230","343","14"
"HP-875","Hydraulic Pump HP-875","Hydraulic Pump","245","365","14"
"IV-876","Industrial Valve IV-876","Industrial Valve","260","387","14"
"SM-877","Servo Motor SM-877","Servo Motor","275","409","14"
"CM-878","Control Module CM-878","Control Module","290","431","14"
"BA-879","Bearing Assembly BA-879","Bearing Assembly","305","453","14"
"HP-880","Hydraulic Pump HP-880","Hydraulic Pump","20","35","14"
"IV-881","Industrial Valve IV-881","Industrial Valve","35","57","14"
"SM-882","Servo Motor SM-882","Servo Motor","50","79","14"
"CM-883","Control Module CM-883","Control Module","65","101","14"
"BA-884","Bearing Assembly BA-884","Bearing Assembly","80","123","14"
"HP-885","Hydraulic Pump HP-885","Hydraulic Pump","95","145","14"
"IV-886","Industrial Valve IV-886","Industrial Valve","110","167","14"
"SM-887","Servo Motor SM-887","Servo Motor","125","189","14"
"CM-888","Control Module CM-888","Control Module","140","211","14"
"BA-889","Bearing Assembly BA-889","Bearing Assembly","155","233","14"
"HP-890","Hydraulic Pump HP-890","Hydraulic Pump","170","255","14"
"IV-891","Industrial Valve IV-891","Industrial Valve","185","277","14"
"SM-892","Servo Motor SM-892","Servo Motor","200","299","14"
"CM-893","Control Module CM-893","Control Module","215","321","14"
"BA-894","Bearing Assembly BA-894","Bearing Assembly","230","343","14"
"HP-895","Hydraulic Pump HP-895","Hydraulic Pump","245","365","14"
"IV-896","Industrial Valve IV-896","Industrial Valve","260","387","14"
"SM-897","Servo Motor SM-897","Servo Motor","275","409","14"
"CM-898","Control Module CM-898","Control Module","290","431","14"
"BA-899","Bearing Assembly BA-899","Bearing Assembly","305","453","14"
"HP-900","Hydraulic Pump HP-900","Hydraulic Pump","20","35","14"
"IV-901","Industrial Valve IV-901","Industrial Valve","35","57","14"
"SM-902","Servo Motor SM-902","Servo Motor","50","79","14"
"CM-903","Control Module CM-903","Control Module","65","101","14"
"BA-904","Bearing Assembly BA-904","Bearing Assembly","80","123","14"
"HP-905","Hydraulic Pump HP-905","Hydraulic Pump","95","145","14"
"IV-906","Industrial Valve IV-906","Industrial Valve","110","167","14"
"SM-907","Servo Motor SM-907","Servo Motor","125","189","14"
"CM-908","Control Module CM-908","Control Module","140","211","14"
"BA-909","Bearing Assembly BA-909","Bearing Assembly","155","233","14"
"HP-910","Hydraulic Pump HP-910","Hydraulic Pump","170","255","14"
"IV-911","Industrial Valve IV-911","Industrial Valve","185","277","14"
"SM-912","Servo Motor SM-912","Servo Motor","200","299","14"
"CM-913","Control Module CM-913","Control Module","215","321","14"
"BA-914","Bearing Assembly BA-914","Bearing Assembly","230","343","14"
"HP-915","Hydraulic Pump HP-915","Hydraulic Pump","245","365","14"
"IV-916","Industrial Valve IV-916","Industrial Valve","260","387","14"
"SM-917","Servo Motor SM-917","Servo Motor","275","409","14"
"CM-918","Control Module CM-918","Control Module","290","431","14"
"BA-919","Bearing Assembly BA-919","Bearing Assembly","305","453","14"
"HP-920","Hydraulic Pump HP-920","Hydraulic Pump","20","35","14"
"IV-921","Industrial Valve IV-921","Industrial Valve","35","57","14"
"SM-922","Servo Motor SM-922","Servo Motor","50","79","14"
"CM-923","Control Module CM-923","Control Module","65","101","14"
"BA-924","Bearing Assembly BA-924","Bearing Assembly","80","123","14"
"HP-925","Hydraulic Pump HP-925","Hydraulic Pump","95","145","14"
"IV-926","Industrial Valve IV-926","Industrial Valve","110","167","14"
"SM-927","Servo Motor SM-927","Servo Motor","125","189","14"
"CM-928","Control Module CM-928","Control Module","140","211","14"
"BA-929","Bearing Assembly BA-929","Bearing Assembly","155","233","14"
"HP-930","Hydraulic Pump HP-930","Hydraulic Pump","170","255","14"
"IV-931","Industrial Valve IV-931","Industrial Valve","185","277","14"
"SM-932","Servo Motor SM-932","Servo Motor","200","299","14"
"CM-933","Control Module CM-933","Control Module","215","321","14"
"BA-934","Bearing Assembly BA-934","Bearing Assembly","230","343","14"
"HP-935","Hydraulic Pump HP-935","Hydraulic Pump","245","365","14"
"IV-936","Industrial Valve IV-936","Industrial Valve","260","387","14"
"SM-937","Servo Motor SM-937","Servo Motor","275","409","14"
"CM-938","Control Module CM-938","Control Module","290","431","14"
"BA-939","Bearing Assembly BA-939","Bearing Assembly","305","453","14"
"HP-940","Hydraulic Pump HP-940","Hydraulic Pump","20","35","14"
"IV-941","Industrial Valve IV-941","Industrial Valve","35","57","14"
"SM-942","Servo Motor SM-942","Servo Motor","50","79","14"
"CM-943","Control Module CM-943","Control Module","65","101","14"
"BA-944","Bearing Assembly BA-944","Bearing Assembly","80","123","14"
"HP-945","Hydraulic Pump HP-945","Hydraulic Pump","95","145","14"
"IV-946","Industrial Valve IV-946","Industrial Valve","110","167","14"
"SM-947","Servo Motor SM-947","Servo Motor","125","189","14"
"CM-948","Control Module CM-948","Control Module","140","211","14"
"BA-949","Bearing Assembly BA-949","Bearing Assembly","155","233","14"
"HP-950","Hydraulic Pump HP-950","Hydraulic Pump","170","255","14"
"IV-951","Industrial Valve IV-951","Industrial Valve","185","277","14"
"SM-952","Servo Motor SM-952","Servo Motor","200","299","14"
"CM-953","Control Module CM-953","Control Module","215","321","14"
"BA-954","Bearing Assembly BA-954","Bearing Assembly","230","343","14"
"HP-955","Hydraulic Pump HP-955","Hydraulic Pump","245","365","14"
"IV-956","Industrial Valve IV-956","Industrial Valve","260","387","14"
"SM-957","Servo Motor SM-957","Servo Motor","275","409","14"
"CM-958","Control Module CM-958","Control Module","290","431","14"
"BA-959","Bearing Assembly BA-959","Bearing Assembly","305","453","14"
"HP-960","Hydraulic Pump HP-960","Hydraulic Pump","20","35","14"
"IV-961","Industrial Valve IV-961","Industrial Valve","35","57","14"
"SM-962","Servo Motor SM-962","Servo Motor","50","79","14"
"CM-963","Control Module CM-963","Control Module","65","101","14"
"BA-964","Bearing Assembly BA-964","Bearing Assembly","80","123","14"
"HP-965","Hydraulic Pump HP-965","Hydraulic Pump","95","145","14"
"IV-966","Industrial Valve IV-966","Industrial Valve","110","167","14"
"SM-967","Servo Motor SM-967","Servo Motor","125","189","14"
"CM-968","Control Module CM-968","Control Module","140","211","14"
"BA-969","Bearing Assembly BA-969","Bearing Assembly","155","233","14"
"HP-970","Hydraulic Pump HP-970","Hydraulic Pump","170","255","14"
"IV-971","Industrial Valve IV-971","Industrial Valve","185","277","14"
"SM-972","Servo Motor SM-972","Servo Motor","200","299","14"
"CM-973","Control Module CM-973","Control Module","215","321","14"
"BA-974","Bearing Assembly BA-974","Bearing Assembly","230","343","14"
"HP-975","Hydraulic Pump HP-975","Hydraulic Pump","245","365","14"
"IV-976","Industrial Valve IV-976","Industrial Valve","260","387","14"
"SM-977","Servo Motor SM-977","Servo Motor","275","409","14"
"CM-978","Control Module CM-978","Control Module","290","431","14"
"BA-979","Bearing Assembly BA-979","Bearing Assembly","305","453","14"
"HP-980","Hydraulic Pump HP-980","Hydraulic Pump","20","35","14"
"IV-981","Industrial Valve IV-981","Industrial Valve","35","57","14"
"SM-982","Servo Motor SM-982","Servo Motor","50","79","14"
"CM-983","Control Module CM-983","Control Module","65","101","14"
"BA-984","Bearing Assembly BA-984","Bearing Assembly","80","123","14"
"HP-985","Hydraulic Pump HP-985","Hydraulic Pump","95","145","14"
"IV-986","Industrial Valve IV-986","Industrial Valve","110","167","14"
"SM-987","Servo Motor SM-987","Servo Motor","125","189","14"
"CM-988","Control Module CM-988","Control Module","140","211","14"
"BA-989","Bearing Assembly BA-989","Bearing Assembly","155","233","14"
"HP-990","Hydraulic Pump HP-990","Hydraulic Pump","170","255","14"
"IV-991","Industrial Valve IV-991","Industrial Valve","185","277","14"
"SM-992","Servo Motor SM-992","Servo Motor","200","299","14"
"CM-993","Control Module CM-993","Control Module","215","321","14"
"BA-994","Bearing Assembly BA-994","Bearing Assembly","230","343","14"
"HP-995","Hydraulic Pump HP-995","Hydraulic Pump","245","365","14"
"IV-996","Industrial Valve IV-996","Industrial Valve","260","387","14"
"SM-997","Servo Motor SM-997","Servo Motor","275","409","14"
"CM-998","Control Module CM-998","Control Module","290","431","14"
"BA-999","Bearing Assembly BA-999","Bearing Assembly","305","453","14"
"HP-1000","Hydraulic Pump HP-1000","Hydraulic Pump","20","35","14"
"IV-1001","Industrial Valve IV-1001","Industrial Valve","35","57","14"
"SM-1002","Servo Motor SM-1002","Servo Motor","50","79","14"
"CM-1003","Control Module CM-1003","Control Module","65","101","14"
"BA-1004","Bearing Assembly BA-1004","Bearing Assembly","80","123","14"
"HP-1005","Hydraulic Pump HP-1005","Hydraulic Pump","95","145","14"
"IV-1006","Industrial Valve IV-1006","Industrial Valve","110","167","14"
"SM-1007","Servo Motor SM-1007","Servo Motor","125","189","14"
"CM-1008","Control Module CM-1008","Control Module","140","211","14"
"BA-1009","Bearing Assembly BA-1009","Bearing Assembly","155","233","14"
"HP-1010","Hydraulic Pump HP-1010","Hydraulic Pump","170","255","14"
"IV-1011","Industrial Valve IV-1011","Industrial Valve","185","277","14"
"SM-1012","Servo Motor SM-1012","Servo Motor","200","299","14"
"CM-1013","Control Module CM-1013","Control Module","215","321","14"
"BA-1014","Bearing Assembly BA-1014","Bearing Assembly","230","343","14"
"HP-1015","Hydraulic Pump HP-1015","Hydraulic Pump","245","365","14"
"IV-1016","Industrial Valve IV-1016","Industrial Valve","260","387","14"
"SM-1017","Servo Motor SM-1017","Servo Motor","275","409","14"
"CM-1018","Control Module CM-1018","Control Module","290","431","14"
"BA-1019","Bearing Assembly BA-1019","Bearing Assembly","305","453","14"
"HP-1020","Hydraulic Pump HP-1020","Hydraulic Pump","20","35","14"
"IV-1021","Industrial Valve IV-1021","Industrial Valve","35","57","14"
"SM-1022","Servo Motor SM-1022","Servo Motor","50","79","14"
"CM-1023","Control Module CM-1023","Control Module","65","101","14"
"BA-1024","Bearing Assembly BA-1024","Bearing Assembly","80","123","14"
"HP-1025","Hydraulic Pump HP-1025","Hydraulic Pump","95","145","14"
"IV-1026","Industrial Valve IV-1026","Industrial Valve","110","167","14"
"SM-1027","Servo Motor SM-1027","Servo Motor","125","189","14"
"CM-1028","Control Module CM-1028","Control Module","140","211","14"
"BA-1029","Bearing Assembly BA-1029","Bearing Assembly","155","233","14"
"HP-1030","Hydraulic Pump HP-1030","Hydraulic Pump","170","255","14"
"IV-1031","Industrial Valve IV-1031","Industrial Valve","185","277","14"
"SM-1032","Servo Motor SM-1032","Servo Motor","200","299","14"
"CM-1033","Control Module CM-1033","Control Module","215","321","14"
"BA-1034","Bearing Assembly BA-1034","Bearing Assembly","230","343","14"
"HP-1035","Hydraulic Pump HP-1035","Hydraulic Pump","245","365","14"
"IV-1036","Industrial Valve IV-1036","Industrial Valve","260","387","14"
"SM-1037","Servo Motor SM-1037","Servo Motor","275","409","14"
"CM-1038","Control Module CM-1038","Control Module","290","431","14"
"BA-1039","Bearing Assembly BA-1039","Bearing Assembly","305","453","14"
"HP-1040","Hydraulic Pump HP-1040","Hydraulic Pump","20","35","14"
"IV-1041","Industrial Valve IV-1041","Industrial Valve","35","57","14"
"SM-1042","Servo Motor SM-1042","Servo Motor","50","79","14"
"CM-1043","Control Module CM-1043","Control Module","65","101","14"
"BA-1044","Bearing Assembly BA-1044","Bearing Assembly","80","123","14"
"HP-1045","Hydraulic Pump HP-1045","Hydraulic Pump","95","145","14"
"IV-1046","Industrial Valve IV-1046","Industrial Valve","110","167","14"
"SM-1047","Servo Motor SM-1047","Servo Motor","125","189","14"
"CM-1048","Control Module CM-1048","Control Module","140","211","14"
"BA-1049","Bearing Assembly BA-1049","Bearing Assembly","155","233","14"
"HP-1050","Hydraulic Pump HP-1050","Hydraulic Pump","170","255","14"
"IV-1051","Industrial Valve IV-1051","Industrial Valve","185","277","14"
"SM-1052","Servo Motor SM-1052","Servo Motor","200","299","14"
"CM-1053","Control Module CM-1053","Control Module","215","321","14"
"BA-1054","Bearing Assembly BA-1054","Bearing Assembly","230","343","14"
"HP-1055","Hydraulic Pump HP-1055","Hydraulic Pump","245","365","14"
"IV-1056","Industrial Valve IV-1056","Industrial Valve","260","387","14"
"SM-1057","Servo Motor SM-1057","Servo Motor","275","409","14"
"CM-1058","Control Module CM-1058","Control Module","290","431","14"
"BA-1059","Bearing Assembly BA-1059","Bearing Assembly","305","453","14"
